official_date,game_datetime,game_pk,home_team_id,away_team_id,home_team_name,away_team_name,home_games_played,home_season_win_pct,home_season_runs_scored_avg,home_season_runs_allowed_avg,home_season_run_diff_avg,home_season_batting_home_runs_avg,home_season_batting_walks_avg,home_season_batting_strikeouts_avg,home_season_batting_ops_avg,home_season_stolen_bases_avg,home_season_pitching_era,home_season_pitching_whip,home_season_pitching_k9,home_season_pitching_bb9,home_season_errors_avg,home_venue_split_win_pct,home_venue_split_run_diff_avg,home_last3_win_pct,home_last5_win_pct,home_last10_win_pct,home_last3_runs_scored_avg,home_last3_runs_allowed_avg,home_last5_runs_scored_avg,home_last5_runs_allowed_avg,home_last10_runs_scored_avg,home_last10_runs_allowed_avg,home_last5_batting_ops_avg,home_last5_home_runs_avg,home_last5_walks_avg,home_last5_strikeouts_avg,home_last5_pitching_era,home_last5_pitching_whip,home_bullpen_last3_outs_avg,home_bullpen_last3_pitches_avg,home_bullpen_last3_era,home_days_since_last_game,home_last_season_games_played,home_last_season_win_pct,home_last_season_runs_scored_avg,home_last_season_runs_allowed_avg,home_last_season_run_diff_avg,home_last_season_batting_home_runs_avg,home_last_season_batting_walks_avg,home_last_season_batting_strikeouts_avg,home_last_season_batting_ops_avg,home_last_season_stolen_bases_avg,home_last_season_pitching_era,home_last_season_pitching_whip,home_last_season_pitching_k9,home_last_season_pitching_bb9,home_last_season_errors_avg,home_last_season_venue_split_win_pct,home_last_season_venue_split_run_diff_avg,home_lineup_confirmed,home_lineup_batters,home_lineup_unavailable_regulars,home_lineup_avg_ops,home_lineup_avg_obp,home_lineup_avg_slg,home_lineup_avg_plate_appearances,home_lineup_avg_starts,home_bvp_vs_away_pitcher_known_batters,home_bvp_vs_away_pitcher_games,home_bvp_vs_away_pitcher_plate_appearances,home_bvp_vs_away_pitcher_at_bats,home_bvp_vs_away_pitcher_avg,home_bvp_vs_away_pitcher_obp,home_bvp_vs_away_pitcher_slg,home_bvp_vs_away_pitcher_ops,home_bvp_vs_away_pitcher_home_runs,home_bvp_vs_away_pitcher_strikeout_rate,home_bvp_vs_away_pitcher_walk_rate,away_games_played,away_season_win_pct,away_season_runs_scored_avg,away_season_runs_allowed_avg,away_season_run_diff_avg,away_season_batting_home_runs_avg,away_season_batting_walks_avg,away_season_batting_strikeouts_avg,away_season_batting_ops_avg,away_season_stolen_bases_avg,away_season_pitching_era,away_season_pitching_whip,away_season_pitching_k9,away_season_pitching_bb9,away_season_errors_avg,away_venue_split_win_pct,away_venue_split_run_diff_avg,away_last3_win_pct,away_last5_win_pct,away_last10_win_pct,away_last3_runs_scored_avg,away_last3_runs_allowed_avg,away_last5_runs_scored_avg,away_last5_runs_allowed_avg,away_last10_runs_scored_avg,away_last10_runs_allowed_avg,away_last5_batting_ops_avg,away_last5_home_runs_avg,away_last5_walks_avg,away_last5_strikeouts_avg,away_last5_pitching_era,away_last5_pitching_whip,away_bullpen_last3_outs_avg,away_bullpen_last3_pitches_avg,away_bullpen_last3_era,away_days_since_last_game,away_last_season_games_played,away_last_season_win_pct,away_last_season_runs_scored_avg,away_last_season_runs_allowed_avg,away_last_season_run_diff_avg,away_last_season_batting_home_runs_avg,away_last_season_batting_walks_avg,away_last_season_batting_strikeouts_avg,away_last_season_batting_ops_avg,away_last_season_stolen_bases_avg,away_last_season_pitching_era,away_last_season_pitching_whip,away_last_season_pitching_k9,away_last_season_pitching_bb9,away_last_season_errors_avg,away_last_season_venue_split_win_pct,away_last_season_venue_split_run_diff_avg,away_lineup_confirmed,away_lineup_batters,away_lineup_unavailable_regulars,away_lineup_avg_ops,away_lineup_avg_obp,away_lineup_avg_slg,away_lineup_avg_plate_appearances,away_lineup_avg_starts,away_bvp_vs_home_pitcher_known_batters,away_bvp_vs_home_pitcher_games,away_bvp_vs_home_pitcher_plate_appearances,away_bvp_vs_home_pitcher_at_bats,away_bvp_vs_home_pitcher_avg,away_bvp_vs_home_pitcher_obp,away_bvp_vs_home_pitcher_slg,away_bvp_vs_home_pitcher_ops,away_bvp_vs_home_pitcher_home_runs,away_bvp_vs_home_pitcher_strikeout_rate,away_bvp_vs_home_pitcher_walk_rate,home_pitcher_starts,home_pitcher_era,home_pitcher_whip,home_pitcher_k9,home_pitcher_bb9,home_pitcher_innings_per_start,home_pitcher_pitches_per_start,home_pitcher_last3_era,home_pitcher_last3_whip,home_pitcher_last3_k9,home_pitcher_days_since_last_start,home_pitcher_last_season_starts,home_pitcher_last_season_era,home_pitcher_last_season_whip,home_pitcher_last_season_k9,home_pitcher_last_season_bb9,home_pitcher_last_season_innings_per_start,home_pitcher_last_season_pitches_per_start,home_pitcher_last_season_last3_era,home_pitcher_last_season_last3_whip,home_pitcher_last_season_last3_k9,away_pitcher_starts,away_pitcher_era,away_pitcher_whip,away_pitcher_k9,away_pitcher_bb9,away_pitcher_innings_per_start,away_pitcher_pitches_per_start,away_pitcher_last3_era,away_pitcher_last3_whip,away_pitcher_last3_k9,away_pitcher_days_since_last_start,away_pitcher_last_season_starts,away_pitcher_last_season_era,away_pitcher_last_season_whip,away_pitcher_last_season_k9,away_pitcher_last_season_bb9,away_pitcher_last_season_innings_per_start,away_pitcher_last_season_pitches_per_start,away_pitcher_last_season_last3_era,away_pitcher_last_season_last3_whip,away_pitcher_last_season_last3_k9
2026-05-05,2026-05-05T22:45:00Z,822743,120,142,Washington Nationals,Minnesota Twins,16,0.4375,5.875,6.5,-0.625,1.1875,3.4375,7.875,0.7921874999999998,1.0625,6.211267605633803,1.6056338028169015,7.605633802816901,5.070422535211268,0.875,0.16666666666666666,-2.8333333333333335,0.6666666666666666,0.6,0.4,5.333333333333333,7.666666666666667,4.8,6.4,5.6,7.6,0.7706000000000001,0.6,2.4,5.8,6.545454545454546,1.5,14.333333333333334,83.66666666666667,10.046511627906977,22,162.0,0.4074074074074074,4.2407407407407405,5.549382716049383,-1.308641975308642,0.9938271604938271,2.734567901234568,8.339506172839506,0.6969567901234565,0.8148148148148148,5.349414519906323,1.44519906323185,7.891334894613583,3.5789227166276345,0.5802469135802469,0.3950617283950617,-1.8888888888888888,0.0,9.0,0.0,0.736038134317553,0.34003190407202966,0.3960062302455234,53.22222222222222,11.777777777777779,4.0,3.0,12.0,11.0,0.18181818181818182,0.25,0.2727272727272727,0.5227272727272727,0.0,0.4166666666666667,0.08333333333333333,17,0.5882352941176471,5.411764705882353,4.529411764705882,0.8823529411764706,1.2352941176470589,4.470588235294118,9.235294117647058,0.6564705882352943,0.7058823529411765,4.2885906040268456,1.4161073825503356,8.154362416107382,3.8053691275167787,0.47058823529411764,0.4444444444444444,0.1111111111111111,1.0,0.8,0.7,9.333333333333334,4.0,7.0,4.6,5.6,4.5,0.6948,2.2,4.0,8.4,4.704545454545454,1.3863636363636365,9.0,58.0,5.0,22,163.0,0.43558282208588955,4.196319018404908,4.773006134969325,-0.5766871165644172,1.1717791411042944,3.0736196319018405,8.466257668711657,0.683337423312883,0.7055214723926381,4.5511957278848385,1.309496169027165,8.65103320176457,2.889946598560483,0.5214723926380368,0.3950617283950617,-0.4074074074074074,0.0,9.0,0.0,0.6655544864895373,0.31653201364439537,0.3490224728451421,55.55555555555556,12.555555555555555,0.0,0.0,0.0,0.0,,,,,0.0,,,4.0,4.595744680851064,1.723404255319149,7.468085106382978,6.8936170212765955,3.9166666666666665,75.25,4.5,1.75,6.0,22,10.0,4.2534246575342465,1.4794520547945207,7.397260273972603,2.7739726027397262,4.866666666666666,78.8,3.2142857142857144,1.5,7.071428571428571,4.0,1.2461538461538462,1.2461538461538462,12.046153846153846,3.3230769230769233,5.416666666666667,100.5,1.0384615384615385,1.2115384615384617,10.384615384615385,23,27.0,5.046728971962617,1.310747663551402,8.011682242990654,3.532710280373832,5.28395061728395,86.18518518518519,6.061224489795919,1.2857142857142858,9.918367346938776
2026-05-05,2026-05-05T22:40:00Z,822986,139,141,Tampa Bay Rays,Toronto Blue Jays,15,0.5333333333333333,4.666666666666667,5.333333333333333,-0.6666666666666666,0.8,3.066666666666667,7.2,0.7485999999999999,1.0666666666666667,4.59,1.2225,8.1,3.3075,1.1333333333333333,0.6666666666666666,-0.8333333333333334,1.0,0.6,0.6,5.0,3.6666666666666665,3.8,5.2,4.2,5.0,0.7118,0.2,2.4,6.8,4.5,1.3478260869565217,12.333333333333334,63.666666666666664,5.108108108108108,23,162.0,0.47530864197530864,4.407407407407407,4.216049382716049,0.19135802469135801,1.123456790123457,2.888888888888889,8.623456790123457,0.7118827160493822,1.1975308641975309,3.9424778761061945,1.220540288775035,8.903586399627388,2.9804378202142523,0.5,0.5061728395061729,0.41975308641975306,0.0,9.0,0.0,0.7337216316472089,0.3364871685267453,0.3972344631204636,52.333333333333336,11.777777777777779,9.0,11.0,49.0,47.0,0.3829787234042553,0.40816326530612246,0.44680851063829785,0.8549717759444203,0.0,0.2653061224489796,0.04081632653061224,15,0.4,3.8,5.466666666666667,-1.6666666666666667,0.9333333333333333,3.533333333333333,6.933333333333334,0.7149333333333333,0.4666666666666667,4.741463414634146,1.302439024390244,11.06341463414634,3.55609756097561,0.7333333333333333,0.0,-2.3333333333333335,0.3333333333333333,0.4,0.2,5.333333333333333,6.333333333333333,4.2,5.2,3.1,5.6,0.6732,0.8,3.0,6.2,4.8,1.2444444444444445,15.333333333333334,66.66666666666667,0.0,23,162.0,0.5802469135802469,4.925925925925926,4.450617283950617,0.47530864197530864,1.1790123456790123,3.2098765432098766,6.783950617283951,0.7285864197530866,0.47530864197530864,4.187065368567454,1.2726008344923505,8.949930458970792,3.2357440890125173,0.5308641975308642,0.49382716049382713,-0.20987654320987653,0.0,9.0,0.0,0.7332294856959564,0.32689190605872376,0.40633757963723244,51.22222222222222,11.444444444444445,7.0,6.0,30.0,27.0,0.18518518518518517,0.26666666666666666,0.2962962962962963,0.5629629629629629,1.0,0.2,0.1,3.0,1.125,0.5625,9.5625,0.5625,5.333333333333333,79.33333333333333,1.125,0.5625,9.5625,23,31.0,2.76,1.02,7.62,2.22,4.838709677419355,74.70967741935483,4.354838709677419,1.5483870967741935,8.709677419354838,3.0,1.5576923076923077,0.576923076923077,13.5,1.0384615384615385,5.777777777777778,85.33333333333333,1.5576923076923077,0.576923076923077,13.5,28,32.0,3.5906735751295336,1.0621761658031088,8.813471502590673,2.33160621761658,6.03125,94.6875,5.282608695652174,1.826086956521739,10.565217391304348
2026-05-05,2026-05-05T23:45:00Z,823062,138,158,St. Louis Cardinals,Milwaukee Brewers,16,0.5,4.3125,5.5625,-1.25,1.0625,4.25,7.875,0.7075000000000001,0.5625,5.089655172413793,1.4896551724137932,6.020689655172414,4.096551724137931,0.5625,0.5,-1.6,0.0,0.4,0.4,2.3333333333333335,8.333333333333334,3.2,5.6,4.0,6.1,0.6808,1.0,4.4,7.2,4.6,1.2222222222222223,13.0,76.0,6.230769230769231,22,162.0,0.48148148148148145,4.253086419753086,4.654320987654321,-0.4012345679012346,0.9135802469135802,2.950617283950617,8.154320987654321,0.7298395061728387,0.5493827160493827,4.2863128491620115,1.3233240223463687,7.598463687150838,2.897346368715084,0.49382716049382713,0.5432098765432098,0.04938271604938271,0.0,9.0,0.0,0.6909851911020982,0.31642328169819706,0.3745619094039011,56.111111111111114,12.555555555555555,0.0,0.0,0.0,0.0,,,,,0.0,,,15,0.5333333333333333,5.333333333333333,4.266666666666667,1.0666666666666667,1.0666666666666667,5.0,8.466666666666667,0.8395333333333334,1.6,4.159090909090909,1.378787878787879,9.681818181818182,4.295454545454546,0.4,0.5,-0.6666666666666666,0.0,0.0,0.4,3.3333333333333335,6.0,2.4,5.2,4.3,4.9,0.742,1.2,3.8,6.8,5.232558139534884,1.4883720930232558,14.333333333333334,83.33333333333333,7.534883720930233,23,162.0,0.5987654320987654,4.9753086419753085,3.9135802469135803,1.0617283950617284,1.0246913580246915,3.4814814814814814,7.814814814814815,0.7008148148148143,1.0123456790123457,3.5825242718446604,1.2281553398058251,8.9375866851595,3.332871012482663,0.4691358024691358,0.5555555555555556,1.1728395061728396,0.0,9.0,1.0,0.7016597317232538,0.33597860675138247,0.36568112497187155,49.666666666666664,11.666666666666666,7.0,9.0,52.0,44.0,0.25,0.34,0.3181818181818182,0.6581818181818182,0.0,0.11538461538461539,0.11538461538461539,3.0,4.8,1.5333333333333334,4.2,4.8,5.0,90.33333333333333,4.8,1.5333333333333334,4.2,23,31.0,5.311475409836065,1.444672131147541,6.141393442622951,3.430327868852459,5.247311827956989,87.74193548387096,5.684210526315789,1.6578947368421053,4.973684210526316,1.0,21.0,3.3333333333333335,9.0,12.0,3.0,86.0,21.0,3.3333333333333335,9.0,37,4.0,4.790322580645161,1.2096774193548387,7.403225806451613,3.0483870967741935,5.166666666666667,72.5,4.909090909090909,1.2272727272727273,6.136363636363637
2026-05-05,2026-05-06T01:40:00Z,823142,136,144,Seattle Mariners,Atlanta Braves,17,0.47058823529411764,4.0588235294117645,3.411764705882353,0.6470588235294118,0.9411764705882353,4.470588235294118,9.470588235294118,0.6797058823529412,0.5294117647058824,2.947598253275109,1.0414847161572054,8.724890829694322,2.1812227074235806,0.47058823529411764,0.6363636363636364,1.4545454545454546,1.0,0.8,0.5,6.666666666666667,3.3333333333333335,5.8,3.8,4.2,3.4,0.622,1.0,5.8,8.2,3.477272727272727,1.2954545454545454,9.0,42.666666666666664,0.0,22,162.0,0.5555555555555556,4.728395061728395,4.283950617283951,0.4444444444444444,1.4691358024691359,3.3580246913580245,8.925925925925926,0.7207160493827159,0.9938271604938271,3.870328167730173,1.220373746581586,8.774384685505925,2.7935278030993618,0.42592592592592593,0.6296296296296297,0.5802469135802469,0.0,9.0,1.0,0.661594724015404,0.3201013297411207,0.34149339427428327,59.44444444444444,14.222222222222221,7.0,5.0,20.0,18.0,0.2777777777777778,0.35,0.3888888888888889,0.7388888888888889,0.0,0.15,0.1,17,0.5882352941176471,5.529411764705882,3.176470588235294,2.3529411764705883,1.2352941176470589,3.588235294117647,7.529411764705882,0.7937058823529411,0.47058823529411764,2.8609271523178808,1.0728476821192052,7.867549668874172,2.801324503311258,0.47058823529411764,0.5714285714285714,3.142857142857143,0.3333333333333333,0.6,0.5,5.666666666666667,5.666666666666667,7.2,4.8,5.3,4.0,0.7732,1.0,4.0,7.6,4.8,1.488888888888889,12.0,79.0,9.0,22,163.0,0.4723926380368098,4.466257668711656,4.515337423312883,-0.049079754601226995,1.177914110429448,3.5337423312883436,8.478527607361963,0.6955644171779135,0.5030674846625767,4.34139599170698,1.3075328265376642,8.850725639253628,3.3213545266067728,0.3312883435582822,0.4634146341463415,0.4024390243902439,0.0,9.0,1.0,0.8457972029992469,0.35986838034760243,0.48592882265164444,59.0,13.555555555555555,8.0,11.0,36.0,34.0,0.2647058823529412,0.3055555555555556,0.38235294117647056,0.6879084967320261,0.0,0.1388888888888889,0.05555555555555555,4.0,3.253012048192771,0.9397590361445782,7.156626506024097,1.9518072289156627,6.916666666666667,92.0,3.7384615384615385,1.0153846153846153,6.6461538461538465,22,23.0,4.214285714285714,1.1904761904761905,9.785714285714286,2.0714285714285716,5.478260869565218,90.69565217391305,2.076923076923077,0.6923076923076924,16.096153846153847,3.0,1.0188679245283019,1.0188679245283019,8.150943396226415,2.547169811320755,5.888888888888889,82.66666666666667,1.0188679245283019,1.0188679245283019,8.150943396226415,25,28.0,5.29637526652452,1.3944562899786779,7.541577825159915,2.9360341151385927,5.583333333333334,89.78571428571429,4.909090909090909,1.309090909090909,9.818181818181818
2026-05-05,2026-05-06T01:45:00Z,823227,137,135,San Francisco Giants,San Diego Padres,16,0.375,3.1875,4.5,-1.3125,0.5,2.0625,7.6875,0.5356875000000001,0.3125,4.276595744680851,1.3900709219858156,8.872340425531915,3.893617021276596,0.625,0.3,-1.7,0.3333333333333333,0.6,0.4,3.3333333333333335,5.0,4.2,3.0,3.7,4.7,0.6334000000000001,0.8,1.2,6.6,3.13953488372093,1.3488372093023255,8.333333333333334,58.0,6.48,23,162.0,0.5,4.351851851851852,4.222222222222222,0.12962962962962962,1.0679012345679013,3.432098765432099,8.518518518518519,0.6901975308641972,0.41975308641975306,3.8230644036270633,1.2966751918158568,8.52499418739828,3.176470588235294,0.5925925925925926,0.5185185185185185,-0.09876543209876543,0.0,9.0,2.0,0.6523643368212997,0.2930045253498058,0.3593598114714939,54.77777777777778,12.88888888888889,8.0,5.0,27.0,24.0,0.2916666666666667,0.37037037037037035,0.3333333333333333,0.7037037037037037,0.0,0.14814814814814814,0.07407407407407407,16,0.625,4.625,3.75,0.875,1.0,3.75,7.5,0.5850625,1.0,3.413793103448276,1.2137931034482758,9.372413793103448,3.103448275862069,0.375,0.6666666666666666,0.8333333333333334,1.0,1.0,0.8,7.0,3.0,7.2,2.8,5.5,3.4,0.6458,2.0,4.6,5.8,2.25,1.0,13.0,76.0,3.4615384615384617,23,162.0,0.5555555555555556,4.333333333333333,3.8333333333333335,0.5,0.9382716049382716,3.1481481481481484,7.166666666666667,0.7141111111111104,0.654320987654321,3.630146545708304,1.2086531751570133,8.949755757152825,3.3600837404047454,0.4567901234567901,0.4691358024691358,-0.09876543209876543,0.0,9.0,0.0,0.6822937379621045,0.3076508639823065,0.37464287397979795,57.22222222222222,13.333333333333334,0.0,0.0,0.0,0.0,,,,,0.0,,,,,,,,,,,,,,,,,,,,,,,,3.0,4.973684210526316,1.2631578947368423,7.815789473684211,3.5526315789473686,4.222222222222222,67.0,4.973684210526316,1.2631578947368423,7.815789473684211,25,24.0,5.025,1.5333333333333334,6.525,4.35,5.0,87.25,1.9285714285714286,1.4285714285714286,5.785714285714286
2026-05-05,2026-05-05T22:40:00Z,823469,143,133,Philadelphia Phillies,Athletics,16,0.5,4.125,4.75,-0.625,1.0625,3.5625,8.5625,0.6749375,0.625,4.3426573426573425,1.2937062937062938,10.321678321678322,2.4545454545454546,0.75,0.5,-0.8,0.6666666666666666,0.4,0.5,6.666666666666667,4.666666666666667,4.8,4.8,4.3,4.0,0.6719999999999999,1.2,3.6,9.4,4.295454545454546,1.2954545454545454,14.0,85.66666666666667,4.5,22,162.0,0.5925925925925926,4.802469135802469,4.0,0.8024691358024691,1.308641975308642,3.259259259259259,8.253086419753087,0.7469876543209877,0.7654320987654321,3.7928720203656563,1.2337421893080307,9.191622309650544,2.7181208053691277,0.38271604938271603,0.6790123456790124,1.2345679012345678,0.0,9.0,0.0,0.7318217252191651,0.32931821895275815,0.40250350626640685,61.55555555555556,13.444444444444445,8.0,4.0,39.0,35.0,0.2571428571428571,0.3333333333333333,0.5142857142857142,0.8476190476190475,3.0,0.2564102564102564,0.10256410256410256,16,0.5,4.0,4.5625,-0.5625,0.9375,3.125,10.125,0.597625,0.5625,4.436619718309859,1.4929577464788732,8.23943661971831,5.26056338028169,0.25,0.5,0.0,0.6666666666666666,0.8,0.7,4.333333333333333,4.666666666666667,3.6,2.8,4.7,4.6,0.6582,1.0,2.4,8.2,2.8,1.0222222222222221,10.333333333333334,54.666666666666664,4.354838709677419,22,162.0,0.4691358024691358,4.5246913580246915,5.04320987654321,-0.5185185185185185,1.3518518518518519,3.0987654320987654,8.679012345679013,0.7368209876543209,0.49382716049382713,4.695107813586831,1.3612334801762114,8.28217018316717,3.5682819383259914,0.5432098765432098,0.49382716049382713,-0.08641975308641975,0.0,9.0,2.0,0.6589998135464725,0.3020402134603972,0.3569596000860753,51.666666666666664,11.777777777777779,6.0,5.0,26.0,24.0,0.25,0.3076923076923077,0.2916666666666667,0.5993589743589745,0.0,0.2692307692307692,0.07692307692307693,4.0,2.014925373134328,1.3880597014925373,12.492537313432836,2.8208955223880596,5.583333333333333,93.0,2.7551020408163267,1.7142857142857144,11.571428571428571,22,32.0,2.495049504950495,1.0643564356435644,9.445544554455445,1.9603960396039604,6.3125,90.5,1.8305084745762712,0.6610169491525424,9.152542372881356,4.0,5.586206896551724,1.7068965517241381,11.172413793103448,7.448275862068965,4.833333333333333,92.25,6.27906976744186,1.8837209302325582,13.186046511627907,22,29.0,4.536885245901639,1.3032786885245902,6.860655737704918,2.7663934426229506,5.60919540229885,94.17241379310344,3.306122448979592,1.2244897959183674,5.510204081632653
2026-05-05,2026-05-05T23:05:00Z,823553,147,140,New York Yankees,Texas Rangers,16,0.5625,4.75,3.375,1.375,1.1875,4.875,9.625,0.680125,1.3125,2.9858823529411764,1.143529411764706,9.148235294117647,2.4776470588235293,0.5625,0.5714285714285714,1.1428571428571428,0.3333333333333333,0.2,0.4,6.333333333333333,6.666666666666667,4.4,5.2,5.2,4.8,0.6614,1.6,4.2,8.8,4.153846153846154,1.3615384615384614,9.666666666666666,55.333333333333336,8.379310344827585,22,162.0,0.5802469135802469,5.2407407407407405,4.228395061728395,1.0123456790123457,1.691358024691358,3.9444444444444446,9.030864197530864,0.8121234567901241,0.8271604938271605,3.9071544338967352,1.2475109979161842,9.002083815698079,3.4820560314887707,0.5802469135802469,0.6172839506172839,1.0493827160493827,0.0,9.0,1.0,0.7142129465061591,0.31899033069185695,0.3952226158143022,56.333333333333336,13.555555555555555,6.0,2.0,17.0,16.0,0.125,0.17647058823529413,0.3125,0.48897058823529416,1.0,0.47058823529411764,0.058823529411764705,16,0.5625,4.1875,3.5,0.6875,1.1875,3.25,9.6875,0.69075,0.5,3.303529411764706,1.1929411764705884,9.783529411764706,3.112941176470588,0.3125,0.6,1.1,0.6666666666666666,0.6,0.5,5.333333333333333,3.0,5.2,3.4,3.5,2.9,0.6788000000000001,1.6,4.6,10.4,3.50381679389313,1.3053435114503817,9.333333333333334,49.0,2.892857142857143,22,162.0,0.5,4.222222222222222,3.734567901234568,0.4876543209876543,1.0802469135802468,3.0,8.191358024691358,0.6629444444444448,0.8271604938271605,3.474012474012474,1.1767151767151767,8.382536382536383,2.8877338877338876,0.3148148148148148,0.4074074074074074,0.024691358024691357,0.0,9.0,1.0,0.6910699654000825,0.3107516602246073,0.3803183051754751,54.0,12.444444444444445,0.0,0.0,0.0,0.0,,,,,0.0,,,0.0,,,,,,,,,,,0.0,,,,,,,,,,3.0,2.872340425531915,0.9574468085106383,12.638297872340425,2.297872340425532,5.222222222222222,83.33333333333333,2.872340425531915,0.9574468085106383,12.638297872340425,23,30.0,2.971042471042471,0.9208494208494209,9.642857142857142,1.9285714285714286,5.7555555555555555,87.13333333333334,4.764705882352941,0.8235294117647058,8.470588235294118
2026-05-05,2026-05-05T22:40:00Z,823873,146,110,Miami Marlins,Baltimore Orioles,17,0.5294117647058824,4.705882352941177,4.352941176470588,0.35294117647058826,0.7647058823529411,3.176470588235294,7.529411764705882,0.7590588235294119,1.2941176470588236,3.865771812080537,1.2416107382550337,9.120805369127517,4.046979865771812,0.8823529411764706,0.7,2.0,0.3333333333333333,0.4,0.4,4.333333333333333,6.0,4.2,4.2,4.5,4.8,0.7369999999999999,0.6,3.0,7.6,4.071428571428571,1.4285714285714286,10.0,57.0,1.8,22,162.0,0.4876543209876543,4.3765432098765435,4.925925925925926,-0.5493827160493827,0.9506172839506173,2.9753086419753085,7.697530864197531,0.7023827160493824,0.8518518518518519,4.595612009237875,1.3046189376443418,8.068822170900694,3.161431870669746,0.5246913580246914,0.4691358024691358,-0.7407407407407407,0.0,9.0,0.0,0.760809227425782,0.33518511347929975,0.42562411394648236,58.111111111111114,14.444444444444445,0.0,0.0,0.0,0.0,,,,,0.0,,,16,0.5625,4.3125,4.125,0.1875,0.9375,4.0625,9.3125,0.6655000000000001,0.5,3.8207547169811322,1.3372641509433962,8.787735849056604,3.6297169811320753,0.625,0.5,-0.5,1.0,0.8,0.6,7.0,3.6666666666666665,5.8,4.0,4.3,3.9,0.7101999999999999,1.4,4.4,8.0,3.2,1.2666666666666666,10.666666666666666,49.333333333333336,3.375,22,162.0,0.46296296296296297,4.179012345679013,4.864197530864198,-0.6851851851851852,1.1790123456790123,2.9876543209876543,8.993827160493828,0.7105679012345675,0.7469135802469136,4.604699860400186,1.365286179618427,8.486970684039088,3.285481619357841,0.5432098765432098,0.4444444444444444,-1.0123456790123457,0.0,9.0,0.0,0.7361727268358366,0.335447515729743,0.4007252111060936,52.333333333333336,11.666666666666666,4.0,7.0,19.0,16.0,0.125,0.21052631578947367,0.375,0.5855263157894737,1.0,0.15789473684210525,0.10526315789473684,4.0,2.67032967032967,0.8571428571428572,6.527472527472527,1.7802197802197801,7.583333333333333,90.25,3.4714285714285715,0.8571428571428572,6.557142857142857,23,31.0,5.358778625954199,1.2709923664122138,7.316793893129771,2.937022900763359,5.634408602150537,93.25806451612904,3.0483870967741935,0.9193548387096774,8.274193548387096,3.0,9.0,2.3636363636363638,4.090909090909091,5.7272727272727275,3.6666666666666665,83.66666666666667,9.0,2.3636363636363638,4.090909090909091,24,31.0,3.986220472440945,1.3346456692913384,8.76968503937008,2.763779527559055,5.46236559139785,90.93548387096774,2.511627906976744,1.3255813953488371,7.534883720930233
2026-05-05,2026-05-06T01:38:00Z,824040,108,145,Los Angeles Angels,Chicago White Sox,17,0.47058823529411764,4.882352941176471,5.176470588235294,-0.29411764705882354,1.2352941176470589,4.705882352941177,9.823529411764707,0.7188823529411763,0.4117647058823529,4.44,1.4866666666666666,9.18,5.58,0.8235294117647058,0.5,-1.1666666666666667,0.3333333333333333,0.4,0.5,7.333333333333333,8.0,6.8,6.8,5.2,5.3,0.6714,1.4,6.4,7.0,6.6976744186046515,1.697674418604651,12.666666666666666,95.0,10.657894736842104,22,162.0,0.4444444444444444,4.154320987654321,5.166666666666667,-1.0123456790123457,1.3950617283950617,2.9876543209876543,10.04320987654321,0.6931049382716045,0.5432098765432098,4.885654401490452,1.4315323707498837,8.048439683278994,3.8984629715882626,0.5987654320987654,0.48148148148148145,-0.9135802469135802,0.0,9.0,1.0,0.7011805158133472,0.33291870140529145,0.3682618144080557,57.333333333333336,12.444444444444445,3.0,5.0,10.0,10.0,0.2,0.2,0.2,0.4,0.0,0.1,0.0,16,0.375,3.0625,4.9375,-1.875,0.75,3.375,10.0,0.628875,0.8125,4.695652173913044,1.4202898550724639,8.152173913043478,4.434782608695652,0.6875,0.3,-3.2,0.3333333333333333,0.4,0.5,2.0,3.0,2.2,2.8,2.8,2.7,0.5904,0.4,3.6,9.0,2.7209302325581395,1.069767441860465,11.0,58.0,4.909090909090909,23,162.0,0.37037037037037035,3.993827160493827,4.580246913580247,-0.5864197530864198,1.0185185185185186,3.074074074074074,8.419753086419753,0.6436049382716056,0.5246913580246914,4.264830508474576,1.3637005649717515,8.173728813559322,3.781779661016949,0.6172839506172839,0.3333333333333333,-0.654320987654321,0.0,9.0,0.0,0.5789198481398784,0.2883915427394503,0.2905283054004282,48.666666666666664,12.333333333333334,0.0,0.0,0.0,0.0,,,,,0.0,,,,,,,,,,,,,,,,,,,,,,,,2.0,3.6,1.1,7.2,1.8,5.0,82.5,3.6,1.1,7.2,24,24.0,5.519337016574585,1.516574585635359,5.593922651933702,4.3259668508287294,5.027777777777778,84.41666666666667,6.906976744186046,1.6046511627906976,5.651162790697675
2026-05-05,2026-05-05T23:40:00Z,824119,118,114,Kansas City Royals,Cleveland Guardians,16,0.4375,3.375,4.0625,-0.6875,0.8125,3.75,8.5625,0.6411875,0.9375,3.9028436018957344,1.2938388625592419,9.085308056872037,4.030805687203792,0.375,0.5,0.3,0.6666666666666666,0.4,0.4,3.0,2.0,2.2,3.6,3.1,3.7,0.6678000000000001,0.4,3.0,8.6,3.477272727272727,1.1363636363636365,6.666666666666667,32.0,1.35,23,162.0,0.5061728395061729,4.018518518518518,3.932098765432099,0.08641975308641975,0.9814814814814815,2.685185185185185,6.765432098765432,0.6670246913580246,0.6851851851851852,3.733642691415313,1.2431554524361947,7.962180974477958,2.994431554524362,0.38271604938271603,0.5308641975308642,-0.08641975308641975,0.0,9.0,0.0,0.6587713560123666,0.31353936875545485,0.3452319872569118,55.111111111111114,13.11111111111111,8.0,9.0,108.0,97.0,0.18556701030927836,0.2616822429906542,0.35051546391752575,0.6121977069081799,3.0,0.2222222222222222,0.09259259259259259,17,0.5882352941176471,3.9411764705882355,4.117647058823529,-0.17647058823529413,1.0,3.764705882352941,7.588235294117647,0.6632352941176469,0.8235294117647058,3.9865771812080535,1.2885906040268456,10.026845637583893,3.7449664429530203,0.29411764705882354,0.5454545454545454,-1.1818181818181819,0.6666666666666666,0.6,0.6,5.333333333333333,5.333333333333333,6.2,5.8,4.5,4.1,0.6802,1.2,4.6,6.4,5.651162790697675,1.5813953488372092,9.666666666666666,62.666666666666664,5.586206896551724,22,163.0,0.5398773006134969,3.9754601226993866,4.0184049079754605,-0.04294478527607362,1.0368098159509203,3.042944785276074,8.294478527607362,0.6802883435582828,0.7914110429447853,3.7162224264705883,1.265625,8.617417279411764,3.3067555147058822,0.6073619631901841,0.524390243902439,0.13414634146341464,0.0,9.0,0.0,0.7199608717554346,0.32235173265900874,0.3976091390964258,53.44444444444444,12.777777777777779,7.0,3.0,42.0,40.0,0.275,0.30952380952380953,0.4,0.7095238095238096,1.0,0.19047619047619047,0.023809523809523808,3.0,3.9375,1.25,7.875,2.25,5.333333333333333,83.33333333333333,3.9375,1.25,7.875,23,24.0,2.9927710843373494,1.0987951807228915,7.416867469879518,2.797590361445783,5.763888888888889,90.16666666666667,2.9454545454545453,0.9818181818181819,8.836363636363636,4.0,2.3823529411764706,1.1470588235294117,11.514705882352942,6.352941176470588,5.666666666666667,92.25,1.528301886792453,1.0188679245283019,11.20754716981132,22,31.0,3.0596421471172963,1.2703777335984097,9.286282306163022,4.455268389662028,5.408602150537634,94.35483870967742,2.1176470588235294,1.0588235294117647,14.294117647058824
2026-05-05,2026-05-06T00:10:00Z,824200,117,119,Houston Astros,Los Angeles Dodgers,17,0.35294117647058826,5.588235294117647,6.294117647058823,-0.7058823529411765,1.1176470588235294,4.588235294117647,7.647058823529412,0.7742352941176471,0.5294117647058824,6.502293577981652,1.7064220183486238,9.722477064220184,6.006880733944954,0.29411764705882354,0.7142857142857143,1.8571428571428572,0.0,0.0,0.1,3.3333333333333335,6.666666666666667,3.4,7.6,5.0,7.5,0.8224,0.6,2.6,7.0,8.479338842975206,2.0578512396694215,13.0,79.0,4.153846153846154,22,162.0,0.5370370370370371,4.234567901234568,4.104938271604938,0.12962962962962962,1.123456790123457,2.9074074074074074,8.030864197530864,0.694975308641975,0.5246913580246914,3.863384188626907,1.2239944521497919,9.386962552011095,3.1705963938973647,0.43209876543209874,0.5679012345679012,-0.345679012345679,0.0,9.0,2.0,0.7542972488726941,0.3551160397107715,0.39918120916192273,53.44444444444444,11.11111111111111,7.0,5.0,18.0,17.0,0.29411764705882354,0.3333333333333333,0.5294117647058824,0.8627450980392157,1.0,0.2222222222222222,0.05555555555555555,16,0.75,5.9375,3.5,2.4375,1.8125,4.1875,8.8125,0.8186249999999999,0.4375,3.3986013986013988,1.132867132867133,8.244755244755245,3.4615384615384617,0.3125,0.8333333333333334,4.666666666666667,0.6666666666666666,0.6,0.8,4.0,2.6666666666666665,4.6,3.8,7.2,3.9,0.8642,1.6,5.8,10.4,3.477272727272727,1.2045454545454546,9.0,47.333333333333336,2.0,22,162.0,0.5740740740740741,5.092592592592593,4.216049382716049,0.8765432098765432,1.5061728395061729,3.580246913580247,8.351851851851851,0.7813641975308646,0.5432098765432098,3.953504510756419,1.2581540596807772,9.39972241498959,3.5163081193615544,0.41975308641975306,0.5061728395061729,0.5925925925925926,0.0,9.0,0.0,0.7866190597922915,0.33775785540750325,0.44886120438478827,57.0,13.0,7.0,5.0,20.0,17.0,0.23529411764705882,0.3157894736842105,0.47058823529411764,0.7863777089783281,1.0,0.25,0.1,1.0,7.2,1.6,14.4,1.8,5.0,90.0,7.2,1.6,14.4,18,0.0,,,,,,,,,,2.0,0.0,0.75,6.0,3.0,6.0,91.5,0.0,0.75,6.0,27,14.0,2.872340425531915,1.0425531914893618,11.872340425531915,1.7234042553191489,3.357142857142857,53.785714285714285,0.0,0.6818181818181819,11.045454545454545
2026-05-05,2026-05-05T22:40:00Z,824281,116,111,Detroit Tigers,Boston Red Sox,16,0.4375,4.375,3.75,0.625,0.75,3.75,8.75,0.6714375000000001,0.375,3.6576354679802954,1.3078817733990147,8.312807881773399,4.056650246305419,0.6875,0.8333333333333334,3.3333333333333335,1.0,0.6,0.5,5.333333333333333,1.0,4.6,2.8,4.6,3.6,0.6822000000000001,1.0,2.6,6.8,2.9302325581395348,1.2093023255813953,8.666666666666666,41.333333333333336,1.0384615384615385,23,162.0,0.5370370370370371,4.679012345679013,4.265432098765432,0.41358024691358025,1.2222222222222223,3.154320987654321,8.975308641975309,0.7429506172839504,0.3765432098765432,3.9475516361104663,1.249013692271989,8.615688094685542,3.038988164307264,0.4876543209876543,0.5679012345679012,0.5432098765432098,0.0,9.0,2.0,0.6417264489238464,0.2955991691384483,0.3461272797853982,51.44444444444444,11.88888888888889,7.0,9.0,49.0,47.0,0.3617021276595745,0.3877551020408163,0.5319148936170213,0.9196699956578376,2.0,0.14285714285714285,0.04081632653061224,16,0.375,4.25,4.6875,-0.4375,0.6875,3.5,8.8125,0.675625,0.375,4.392344497607655,1.3564593301435406,8.203349282296651,4.0047846889952154,0.875,0.3,-1.1,0.6666666666666666,0.6,0.5,7.333333333333333,5.666666666666667,5.8,4.0,5.1,4.3,0.6608,0.4,4.0,6.6,3.9767441860465116,1.255813953488372,11.666666666666666,53.666666666666664,3.085714285714286,22,163.0,0.5521472392638037,4.852760736196319,4.1656441717791415,0.6871165644171779,1.1411042944785277,3.1901840490797544,8.766871165644172,0.7396932515337421,0.8650306748466258,3.6992223238792317,1.281793229643184,8.435956084172004,3.2854528819762123,0.7116564417177914,0.5061728395061729,0.5925925925925926,0.0,9.0,0.0,0.6522741874728205,0.3059354548100861,0.3463387326627345,59.22222222222222,13.666666666666666,6.0,5.0,24.0,22.0,0.4090909090909091,0.43478260869565216,0.5454545454545454,0.9802371541501975,0.0,0.16666666666666666,0.0,3.0,4.764705882352941,1.4705882352941178,6.352941176470588,2.6470588235294117,5.666666666666667,87.0,4.764705882352941,1.4705882352941178,6.352941176470588,27,31.0,3.65625,1.2447916666666667,8.765625,3.1875,6.193548387096774,93.25806451612904,6.319148936170213,1.8510638297872342,9.191489361702128,3.0,6.136363636363637,1.9090909090909092,5.5227272727272725,5.5227272727272725,4.888888888888888,90.66666666666667,6.136363636363637,1.9090909090909092,5.5227272727272725,23,28.0,3.3402061855670104,1.261855670103093,6.736082474226804,3.2288659793814434,5.773809523809524,94.10714285714286,5.785714285714286,1.5,6.428571428571429
2026-05-05,2026-05-06T00:40:00Z,824362,115,121,Colorado Rockies,New York Mets,16,0.375,4.0625,4.4375,-0.375,1.0,2.625,10.125,0.6319999999999998,1.0625,4.2665094339622645,1.3584905660377358,7.195754716981132,3.375,0.375,0.6666666666666666,1.1666666666666667,0.0,0.2,0.4,3.0,7.0,4.2,5.8,4.1,5.0,0.6874,1.0,3.6,10.0,5.037313432835821,1.5,13.333333333333334,82.33333333333333,7.425,23,162.0,0.2654320987654321,3.685185185185185,6.302469135802469,-2.617283950617284,0.9876543209876543,2.4382716049382718,9.450617283950617,0.6596913580246913,0.5370370370370371,5.966603505447655,1.5824253908100427,6.989815253434391,3.542870677404074,0.6790123456790124,0.30864197530864196,-2.6049382716049383,0.0,9.0,0.0,0.7028869599305256,0.3073255508062458,0.39556140912427984,49.77777777777778,11.666666666666666,6.0,8.0,32.0,28.0,0.21428571428571427,0.3125,0.6785714285714286,0.9910714285714286,4.0,0.34375,0.09375,17,0.4117647058823529,3.6470588235294117,4.0588235294117645,-0.4117647058823529,0.7647058823529411,3.235294117647059,7.705882352941177,0.7161764705882352,0.5882352941176471,3.6423982869379015,1.2591006423982871,9.019271948608138,3.411134903640257,0.47058823529411764,0.5,1.0,0.0,0.0,0.4,2.0,5.333333333333333,1.4,5.4,3.7,4.2,0.6643999999999999,0.8,1.6,6.6,5.5227272727272725,1.4090909090909092,12.666666666666666,69.0,2.8421052631578947,22,162.0,0.5123456790123457,4.728395061728395,4.41358024691358,0.3148148148148148,1.382716049382716,3.4753086419753085,8.179012345679013,0.729586419753086,0.9074074074074074,4.028631284916201,1.3226256983240223,8.71717877094972,3.494413407821229,0.4876543209876543,0.41975308641975306,-0.19753086419753085,0.0,9.0,2.0,0.5408278583129478,0.23560907142834062,0.3052187868846073,43.333333333333336,10.444444444444445,5.0,5.0,15.0,15.0,0.26666666666666666,0.26666666666666666,0.6666666666666666,0.9333333333333333,2.0,0.26666666666666666,0.0,3.0,9.0,2.3076923076923075,6.923076923076923,2.769230769230769,4.333333333333333,90.0,9.0,2.3076923076923075,6.923076923076923,27,26.0,4.670616113744076,1.3364928909952607,8.061611374407583,2.495260663507109,5.41025641025641,88.6923076923077,4.959183673469388,1.4081632653061225,8.816326530612244,4.0,3.857142857142857,1.1428571428571428,10.714285714285714,3.4285714285714284,5.25,93.25,2.8125,1.125,10.125,23,33.0,2.7,1.0754716981132075,10.39245283018868,3.362264150943396,5.353535353535353,93.51515151515152,2.769230769230769,0.9230769230769231,13.153846153846153
2026-05-05,2026-05-05T23:40:00Z,824682,112,113,Chicago Cubs,Cincinnati Reds,16,0.4375,4.5625,4.3125,0.25,1.0,4.8125,8.8125,0.6760000000000002,0.75,3.992957746478873,1.1901408450704225,8.556338028169014,3.4225352112676055,0.5,0.4444444444444444,0.4444444444444444,0.3333333333333333,0.4,0.4,5.666666666666667,7.666666666666667,4.6,5.4,4.3,4.5,0.6742000000000001,0.8,6.0,9.2,4.891304347826087,1.2608695652173914,12.666666666666666,72.33333333333333,2.1315789473684212,22,162.0,0.5679012345679012,4.895061728395062,4.006172839506172,0.8888888888888888,1.376543209876543,3.419753086419753,7.882716049382716,0.7597037037037037,0.9938271604938271,3.794425087108014,1.1770034843205575,7.933797909407666,2.5400696864111496,0.37037037037037035,0.6172839506172839,0.8271604938271605,0.0,9.0,0.0,0.6940296586869062,0.3163709386707301,0.3776587200161761,58.22222222222222,12.88888888888889,8.0,8.0,79.0,69.0,0.18840579710144928,0.27848101265822783,0.3333333333333333,0.6118143459915611,2.0,0.1518987341772152,0.11392405063291139,16,0.5625,3.375,4.375,-1.0,0.9375,4.3125,9.0625,0.6054375000000001,1.0,4.0344827586206895,1.4,8.006896551724138,4.841379310344828,0.4375,0.7142857142857143,0.0,0.3333333333333333,0.2,0.6,5.0,7.333333333333333,4.0,7.4,3.7,4.4,0.618,1.0,5.2,8.4,6.906976744186046,1.9069767441860466,14.666666666666666,87.0,3.6818181818181817,23,165.0,0.509090909090909,4.393939393939394,4.2,0.19393939393939394,1.0303030303030303,3.2545454545454544,8.709090909090909,0.7026242424242422,0.6545454545454545,3.86593707250342,1.2188782489740082,8.698358413132695,3.0656634746922027,0.5272727272727272,0.4634146341463415,0.04878048780487805,0.0,9.0,1.0,0.6351811727612167,0.31240147162513726,0.3227797011360794,48.77777777777778,11.444444444444445,7.0,9.0,80.0,76.0,0.3026315789473684,0.3375,0.618421052631579,0.955921052631579,6.0,0.175,0.0375,3.0,4.86,1.26,9.18,3.24,5.555555555555556,90.0,4.86,1.26,9.18,23,23.0,3.67866323907455,1.0565552699228793,6.802056555269923,1.8740359897172236,5.637681159420289,86.04347826086956,0.9473684210526315,0.7368421052631579,7.105263157894737,4.0,5.85,1.7,5.4,3.6,5.0,83.25,8.357142857142858,1.8571428571428572,5.142857142857143,23,29.0,2.867735470941884,1.1482965931863727,8.062124248496994,2.3266533066132267,5.735632183908046,92.3103448275862,3.6818181818181817,1.2954545454545454,7.9772727272727275
2026-05-05,2026-05-06T01:40:00Z,825092,109,134,Arizona Diamondbacks,Pittsburgh Pirates,17,0.5294117647058824,4.176470588235294,4.647058823529412,-0.47058823529411764,0.7647058823529411,2.588235294117647,8.176470588235293,0.6482941176470588,0.5882352941176471,3.857142857142857,1.21875,7.714285714285714,3.0736607142857144,0.6470588235294118,0.7142857142857143,-1.2857142857142858,0.3333333333333333,0.6,0.6,4.666666666666667,5.333333333333333,5.2,4.2,4.4,3.5,0.6540000000000001,1.0,2.4,10.4,3.9767441860465116,1.1627906976744187,8.666666666666666,45.666666666666664,7.269230769230769,22,163.0,0.49079754601226994,4.871165644171779,4.840490797546012,0.03067484662576687,1.3251533742331287,3.3496932515337425,8.14723926380368,0.7766993865030677,0.7423312883435583,4.48348623853211,1.3183486238532112,8.038073394495413,3.1211009174311926,0.5153374233128835,0.5308641975308642,0.37037037037037035,0.0,9.0,0.0,0.672418755703182,0.28332966212921273,0.38908909357396926,51.666666666666664,12.777777777777779,0.0,0.0,0.0,0.0,,,,,0.0,,,16,0.625,5.125,3.9375,1.1875,1.125,4.375,9.25,0.718625,0.75,3.3440366972477062,1.348623853211009,9.660550458715596,4.644495412844036,0.5,0.5555555555555556,0.5555555555555556,0.6666666666666666,0.6,0.7,8.666666666666666,5.0,6.0,4.6,5.3,3.7,0.7083999999999999,1.2,4.2,10.6,3.4964028776978417,1.4460431654676258,12.0,85.0,6.75,22,162.0,0.4382716049382716,3.5987654320987654,3.9814814814814814,-0.38271604938271603,0.7222222222222222,3.271604938271605,8.777777777777779,0.63612962962963,0.7098765432098766,3.7618825722273996,1.2162162162162162,8.266076421248835,2.9755358807082946,0.47530864197530864,0.3333333333333333,-0.9629629629629629,0.0,9.0,0.0,0.7753313612939401,0.3573495392661719,0.41798182202776824,55.111111111111114,11.444444444444445,5.0,5.0,19.0,18.0,0.2222222222222222,0.2631578947368421,0.3333333333333333,0.5964912280701754,0.0,0.2631578947368421,0.05263157894736842,3.0,0.5,1.0,5.5,2.5,6.0,90.33333333333333,0.5,1.0,5.5,26,29.0,5.015118790496761,1.5421166306695464,8.339092872570195,3.4989200863930887,5.32183908045977,89.27586206896552,5.294117647058823,1.4705882352941178,6.882352941176471,3.0,3.857142857142857,1.5714285714285714,9.0,7.714285714285714,4.666666666666667,85.0,3.857142857142857,1.5714285714285714,9.0,23,4.0,5.120689655172414,0.9827586206896552,10.241379310344827,1.396551724137931,4.833333333333333,75.75,1.08,0.42,10.26
